studentId,class
1,12C
2,5D
3,10C
4,1Q
5,4Z
6,12Q
7,10P
8,9A
9,9Y
10,10P
11,12W
12,8Q
13,9A
14,12Q
15,5O
16,6N
17,6W
18,6D
19,4F
20,4Z
21,4B
22,1D
23,12N
24,1K
25,10Q
26,2K
27,6H
28,9R
29,2U
30,6C
31,1T
32,6L
33,3C
34,4H
35,11O
36,3S
37,2Z
38,2H
39,2C
40,4L
41,11S
42,4W
43,3Y
44,9I
45,10F
46,4U
47,12P
48,5L
49,7S
50,9N
51,10B
52,5Q
53,5I
54,1L
55,4U
56,5E
57,10L
58,4M
59,7P
60,5S
61,7F
62,11Z
63,8V
64,10B
65,3J
66,9N
67,10Y
68,7D
69,10G
70,3M
71,5M
72,7U
73,6H
74,10E
75,12L
76,3M
77,4M
78,3L
79,9W
80,2E
81,11G
82,8G
83,11J
84,8D
85,1Z
86,1A
87,12S
88,12R
89,3L
90,9K
91,7R
92,10B
93,9R
94,7Q
95,7L
96,7W
97,4Q
98,1Z
99,4Z
100,9W
101,3H
102,11O
103,5Q
104,4D
105,1N
106,8U
107,9R
108,5O
109,3N
110,4U
111,4A
112,12B
113,8V
114,10B
115,4V
116,11O
117,4W
118,6N
119,6E
120,5X
121,5H
122,3I
123,10Y
124,3K
125,7L
126,12C
127,6H
128,4Y
129,1I
130,2B
131,5G
132,10N
133,9R
134,5W
135,10C
136,4B
137,4K
138,4V
139,11I
140,9K
141,10I
142,8H
143,10Y
144,7S
145,2O
146,6X
147,2J
148,12U
149,7R
150,1A
151,10Z
152,6C
153,6Q
154,5W
155,12C
156,6W
157,12N
158,7E
159,12J
160,6K
161,4U
162,8Z
163,3F
164,4Y
165,6K
166,3L
167,6I
168,2W
169,10I
170,3O
171,11K
172,10G
173,9E
174,6O
175,2P
176,10N
177,9Q
178,8N
179,8L
180,7P
181,1O
182,12J
183,12U
184,12S
185,2G
186,4T
187,9Y
188,3S
189,4M
190,5V
191,1O
192,5W
193,3B
194,10R
195,3U
196,1P
197,6D
198,12T
199,1W
200,6G
201,2C
202,3D
203,8R
204,11C
205,11H
206,11I
207,11E
208,12I
209,2N
210,3H
211,2M
212,8V
213,12G
214,3R
215,8Z
216,10N
217,7S
218,11P
219,11O
220,2E
221,9D
222,8X
223,8F
224,1J
225,7L
226,2I
227,8T
228,9H
229,1X
230,3Y
231,12Q
232,3Q
233,1S
234,4K
235,4D
236,6V
237,1F
238,8M
239,11W
240,4M
241,2T
242,4M
243,4U
244,4A
245,10Z
246,3A
247,5H
248,11Y
249,2H
250,1K
251,1L
252,6A
253,6T
254,5F
255,9U
256,12I
257,9S
258,11D
259,8K
260,5R
261,8B
262,3Z
263,5E
264,1Y
265,10G
266,7M
267,5N
268,10A
269,1I
270,8P
271,9O
272,5S
273,6L
274,6E
275,4K
276,7T
277,11C
278,7O
279,11M
280,8W
281,5U
282,6I
283,10Y
284,1C
285,2M
286,5T
287,5X
288,8J
289,7G
290,1J
291,5L
292,10O
293,11V
294,7G
295,7X
296,5F
297,10M
298,8B
299,1B
300,8L
301,5E
302,7J
303,3E
304,9E
305,9S
306,1M
307,5L
308,12Z
309,6P
310,5R
311,12D
312,5Z
313,12A
314,7K
315,10I
316,4K
317,10D
318,6Y
319,11D
320,2L
321,11K
322,10T
323,1T
324,1O
325,12U
326,4F
327,3U
328,2V
329,9R
330,9A
331,4V
332,3G
333,6T
334,10U
335,5M
336,10A
337,1K
338,3J
339,5I
340,10K
341,3O
342,6E
343,9Y
344,8E
345,4G
346,8D
347,10H
348,10I
349,12Z
350,9Z
351,3O
352,6L
353,6L
354,9T
355,11R
356,11V
357,3C
358,9K
359,3U
360,8J
361,10T
362,4Z
363,5N
364,9F
365,6T
366,2X
367,12H
368,12A
369,1P
370,4Y
371,2J
372,9R
373,6N
374,9I
375,7P
376,4G
377,5H
378,1I
379,10Q
380,7N
381,5V
382,11K
383,11Z
384,9M
385,1O
386,4F
387,2G
388,11H
389,5C
390,5G
391,10R
392,3Y
393,10D
394,10C
395,6G
396,7E
397,10C
398,5R
399,11S
400,3J
401,5E
402,7Z
403,4E
404,9W
405,11U
406,10H
407,1G
408,3T
409,10O
410,7I
411,3J
412,7T
413,2A
414,6H
415,12B
416,9L
417,4X
418,9F
419,6A
420,5Q
421,7V
422,12D
423,11O
424,12K
425,12Q
426,7T
427,12T
428,3K
429,7J
430,4X
431,2G
432,7L
433,9I
434,1U
435,11G
436,10D
437,11G
438,9Y
439,7X
440,9G
441,3Z
442,12I
443,12P
444,10V
445,1V
446,1B
447,11W
448,1K
449,2J
450,9Z
451,3U
452,1Y
453,11E
454,8T
455,1Z
456,7Q
457,2W
458,10R
459,3V
460,10B
461,8F
462,11X
463,6M
464,8E
465,2B
466,6N
467,7N
468,6C
469,3U
470,10P
471,9F
472,8O
473,11Q
474,6O
475,2J
476,4E
477,12I
478,7M
479,2E
480,12F
481,2Y
482,12U
483,6W
484,10W
485,2R
486,11R
487,2O
488,5V
489,12P
490,3Z
491,1P
492,11B
493,8W
494,12P
495,1V
496,8D
497,8L
498,7E
499,10L
500,5V
501,3N
502,3Q
503,3J
504,10K
505,6R
506,9N
507,2H
508,12D
509,6F
510,10N
511,12A
512,1W
513,2Y
514,8L
515,6S
516,10Z
517,6I
518,11S
519,6G
520,10D
521,9K
522,9X
523,11B
524,10L
525,4O
526,12X
527,11U
528,3M
529,4P
530,9P
531,6X
532,1W
533,10T
534,3V
535,8X
536,8X
537,3W
538,3P
539,5D
540,1P
541,1R
542,11K
543,7D
544,12K
545,11G
546,9X
547,4J
548,6N
549,12I
550,5I
551,12V
552,8A
553,8Y
554,1V
555,3E
556,8I
557,5R
558,5K
559,6G
560,10G
561,12C
562,9I
563,6D
564,2H
565,9H
566,12U
567,3R
568,3Y
569,1S
570,6Q
571,6H
572,3E
573,10F
574,10S
575,1B
576,6M
577,8Q
578,12F
579,7A
580,2C
581,2F
582,8X
583,12D
584,11G
585,12D
586,2W
587,1E
588,1F
589,2Z
590,1D
591,10Q
592,12W
593,12L
594,5V
595,11N
596,5R
597,12O
598,10E
599,10J
600,8T
601,8W
602,6Q
603,10S
604,8Z
605,11J
606,10H
607,12O
608,3L
609,11J
610,3G
611,11U
612,8O
613,1X
614,6T
615,7Q
616,9V
617,8W
618,7J
619,2C
620,8I
621,2S
622,5H
623,9Z
624,7J
625,5H
626,1L
627,10J
628,11H
629,11P
630,10J
631,7N
632,12K
633,6L
634,6W
635,2A
636,8T
637,9S
638,5X
639,9S
640,6D
641,10M
642,11O
643,1Y
644,11O
645,6C
646,6L
647,4K
648,8X
649,10K
650,12D
651,1S
652,7A
653,7W
654,8B
655,3A
656,7T
657,7A
658,9G
659,9Z
660,12X
661,10B
662,9D
663,5C
664,10Q
665,2N
666,11U
667,4Z
668,10G
669,7L
670,8Q
671,6N
672,10S
673,9N
674,6X
675,9M
676,10Q
677,8S
678,5V
679,5X
680,6Q
681,2E
682,1X
683,6P
684,12K
685,6Z
686,3X
687,4G
688,9G
689,8N
690,11I
691,11W
692,4Z
693,12X
694,9C
695,5B
696,8L
697,3H
698,6W
699,12Q
700,2I
701,6D
702,9W
703,9V
704,5R
705,4R
706,6Z
707,7T
708,10N
709,6Y
710,4Z
711,9C
712,8P
713,3T
714,2C
715,12E
716,6M
717,11G
718,7V
719,11J
720,6V
721,5W
722,11V
723,1C
724,11V
725,6S
726,6X
727,6W
728,5K
729,12H
730,5A
731,3O
732,8B
733,4M
734,12W
735,10I
736,5T
737,7A
738,4J
739,3L
740,9G
741,10R
742,9L
743,1C
744,11K
745,10D
746,6O
747,9S
748,8J
749,8Q
750,7Z
751,11J
752,8H
753,11B
754,10S
755,3Z
756,12Y
757,6W
758,11E
759,5S
760,1F
761,3V
762,6W
763,7Y
764,4L
765,6H
766,3H
767,10P
768,6X
769,11C
770,9S
771,4N
772,8A
773,4M
774,3L
775,5N
776,11F
777,1T
778,1X
779,2L
780,2M
781,6N
782,9E
783,2A
784,4S
785,4B
786,6Q
787,5I
788,7O
789,10K
790,10F
791,8N
792,3Y
793,1J
794,5C
795,5W
796,7A
797,5M
798,12F
799,3L
800,6G
801,3G
802,10Z
803,6I
804,8H
805,1Q
806,12F
807,11A
808,1V
809,6L
810,10U
811,4G
812,1P
813,3L
814,7I
815,10V
816,8C
817,5Z
818,2D
819,7Q
820,3C
821,8I
822,1U
823,6H
824,10V
825,11F
826,11W
827,12O
828,10E
829,5J
830,9P
831,7G
832,12L
833,10J
834,10O
835,7F
836,1L
837,5C
838,9V
839,7X
840,6S
841,10O
842,2J
843,3K
844,8W
845,7I
846,3M
847,1C
848,8Q
849,3M
850,9A
851,11I
852,3W
853,1B
854,7T
855,4O
856,6L
857,1G
858,12N
859,9U
860,6B
861,5I
862,9G
863,1K
864,8S
865,8Z
866,6R
867,6Z
868,5D
869,11T
870,6A
871,3T
872,9V
873,5N
874,12Z
875,8V
876,8T
877,5R
878,4P
879,9A
880,10W
881,3L
882,11N
883,6V
884,4S
885,1Z
886,11O
887,1A
888,6A
889,11Z
890,7X
891,5J
892,4Q
893,9W
894,7T
895,2S
896,5M
897,7H
898,9Q
899,9M
900,4J
901,5K
902,12P
903,12Q
904,10E
905,3V
906,11D
907,12G
908,1K
909,2C
910,11B
911,5Q
912,4G
913,5R
914,4H
915,3Y
916,12G
917,4N
918,3F
919,11Z
920,12L
921,1Q
922,2N
923,4F
924,11G
925,7A
926,6Z
927,11A
928,4M
929,8U
930,11I
931,10J
932,11E
933,3I
934,3M
935,3X
936,8D
937,2S
938,10R
939,3L
940,2I
941,7W
942,10I
943,4R
944,9H
945,3T
946,10E
947,8E
948,7Z
949,10Y
950,10Y
951,5V
952,9I
953,11G
954,11V
955,2J
956,10W
957,12B
958,11P
959,11H
960,3F
961,9I
962,7L
963,1G
964,12F
965,12S
966,3D
967,12L
968,5U
969,10R
970,10X
971,8S
972,2J
973,4N
974,2C
975,10I
976,11M
977,4O
978,11K
979,6E
980,1D
981,3R
982,1W
983,10R
984,1Y
985,12D
986,12Q
987,12W
988,12C
989,5C
990,8W
991,6C
992,1I
993,11Y
994,1G
995,12L
996,6N
997,4I
998,2W
999,5F
1000,8I
1001,5M
1002,5F
1003,5W
1004,1Z
1005,1C
1006,6C
1007,12Q
1008,3C
1009,6O
1010,6X
1011,5B
1012,10Q
1013,1W
1014,10X
1015,10Q
1016,4R
1017,12Q
1018,7R
1019,4O
1020,12B
1021,11Q
1022,6B
1023,12Z
1024,1P
1025,3X
1026,2W
1027,2H
1028,2Y
1029,10Y
1030,9M
1031,11V
1032,9E
1033,2W
1034,5J
1035,1Y
1036,2F
1037,7K
1038,5E
1039,2Q
1040,9F
1041,5J
1042,1G
1043,6Y
1044,11V
1045,5I
1046,5E
1047,2E
1048,4M
1049,5E
1050,12Y
1051,5I
1052,10X
1053,12J
1054,2U
1055,12P
1056,5J
1057,10Q
1058,11N
1059,10S
1060,5W
1061,10B
1062,12B
1063,3W
1064,4O
1065,3Z
1066,2Q
1067,6W
1068,11Q
1069,1E
1070,9F
1071,6I
1072,5U
1073,8Z
1074,8G
1075,6T
1076,4U
1077,6G
1078,7V
1079,5P
1080,8M
1081,6D
1082,12M
1083,10X
1084,4D
1085,2Y
1086,2L
1087,12J
1088,12Y
1089,10P
1090,4V
1091,9D
1092,9D
1093,3J
1094,6H
1095,10X
1096,5K
1097,3Z
1098,10H
1099,6L
1100,5U
1101,5D
1102,7G
1103,8W
1104,10C
1105,12F
1106,11A
1107,8D
1108,1Y
1109,3H
1110,12N
1111,6Y
1112,3I
1113,9K
1114,6G
1115,3Y
1116,3T
1117,8J
1118,12E
1119,4C
1120,9W
1121,9K
1122,12B
1123,5F
1124,1G
1125,3S
1126,4J
1127,6F
1128,10M
1129,1E
1130,11H
1131,3R
1132,2R
1133,4L
1134,2E
1135,4C
1136,4Y
1137,10W
1138,9K
1139,9D
1140,12Z
1141,10X
1142,12C
1143,5H
1144,12D
1145,11S
1146,1O
1147,2O
1148,6N
1149,7H
1150,1V
1151,7W
1152,4R
1153,1L
1154,3R
1155,11L
1156,5B
1157,9G
1158,2W
1159,11P
1160,5F
1161,3C
1162,9X
1163,7C
1164,9I
1165,6Z
1166,12M
1167,12P
1168,4S
1169,12F
1170,3X
1171,12C
1172,1G
1173,5A
1174,8P
1175,1D
1176,8Z
1177,4S
1178,8V
1179,8L
1180,8O
1181,1N
1182,6E
1183,4G
1184,1X
1185,9A
1186,2G
1187,10E
1188,5X
1189,5U
1190,3G
1191,2U
1192,1E
1193,3M
1194,7E
1195,8X
1196,4Y
1197,11C
1198,10P
1199,1N
1200,12Y
1201,2M
1202,9L
1203,11U
1204,8C
1205,11M
1206,6A
1207,2V
1208,4U
1209,8J
1210,8A
1211,3D
1212,9I
1213,7H
1214,2W
1215,10I
1216,9Y
1217,1V
1218,5Q
1219,12H
1220,5R
1221,8G
1222,3N
1223,9M
1224,7X
1225,12X
1226,6F
1227,1N
1228,10H
1229,4V
1230,5D
1231,8F
1232,8U
1233,6W
1234,11P
1235,4B
1236,10U
1237,1X
1238,3M
1239,2V
1240,8X
1241,6J
1242,12L
1243,8Z
1244,9Q
1245,7W
1246,3N
1247,6Z
1248,2T
1249,8Q
1250,5Q
1251,11E
1252,7F
1253,3W
1254,2B
1255,6T
1256,12G
1257,10V
1258,5M
1259,3Q
1260,12F
1261,9T
1262,10G
1263,3L
1264,8Z
1265,1X
1266,8Y
1267,9W
1268,3N
1269,8T
1270,11X
1271,12W
1272,1C
1273,1W
1274,4C
1275,11L
1276,10R
1277,3F
1278,2C
1279,3Q
1280,6P
1281,1X
1282,10D
1283,10L
1284,3H
1285,12H
1286,10K
1287,1P
1288,9O
1289,4A
1290,9C
1291,5X
1292,7J
1293,12X
1294,7F
1295,5F
1296,5J
1297,4W
1298,12Q
1299,3A
1300,10D
1301,8B
1302,11K
1303,1E
1304,7J
1305,3E
1306,1K
1307,2L
1308,1O
1309,2V
1310,1V
1311,4F
1312,5K
1313,5Z
1314,3V
1315,11O
1316,4O
1317,1R
1318,4V
1319,5W
1320,5I
1321,10R
1322,5O
1323,8B
1324,12F
1325,5O
1326,7U
1327,2I
1328,3J
1329,3H
1330,12D
1331,11K
1332,11V
1333,9K
1334,4X
1335,3R
1336,1Z
1337,4B
1338,3Z
1339,8I
1340,2P
1341,10X
1342,11X
1343,3I
1344,1B
1345,2N
1346,1Z
1347,4S
1348,8P
1349,2S
1350,3H
1351,7N
1352,4J
1353,10L
1354,6A
1355,3C
1356,2P
1357,3I
1358,9V
1359,5I
1360,7W
1361,7Q
1362,1B
1363,2H
1364,2D
1365,8R
1366,9Q
1367,12R
1368,12O
1369,11Q
1370,11T
1371,3Y
1372,3Y
1373,11Q
1374,6Q
1375,10N
1376,7P
1377,3A
1378,6M
1379,4E
1380,3W
1381,3W
1382,7O
1383,3O
1384,10Q
1385,4K
1386,3K
1387,2Q
1388,6E
1389,8S
1390,10I
1391,5B
1392,9K
1393,1T
1394,7G
1395,11G
1396,5N
1397,1W
1398,10M
1399,1W
1400,8C
1401,5Y
1402,4K
1403,12U
1404,5K
1405,4V
1406,10O
1407,5W
1408,9G
1409,5J
1410,2M
1411,7H
1412,4B
1413,6R
1414,4H
1415,7M
1416,2S
1417,4D
1418,7H
1419,6Q
1420,4S
1421,1C
1422,8S
1423,12D
1424,1W
1425,11K
1426,6D
1427,6X
1428,6L
1429,3K
1430,3O
1431,5O
1432,2V
1433,5V
1434,3B
1435,4N
1436,1P
1437,8F
1438,11H
1439,5N
1440,1O
1441,1A
1442,11T
1443,8V
1444,9B
1445,8A
1446,9W
1447,3S
1448,10I
1449,1E
1450,1R
1451,9Q
1452,5J
1453,7V
1454,2J
1455,6Z
1456,3M
1457,9K
1458,2V
1459,9M
1460,12A
1461,1H
1462,10R
1463,2K
1464,7C
1465,4G
1466,11F
1467,4P
1468,1O
1469,3P
1470,4K
1471,10S
1472,1A
1473,4B
1474,7C
1475,5I
1476,6D
1477,7R
1478,11H
1479,4U
1480,3S
1481,8L
1482,4K
1483,5A
1484,1Y
1485,6U
1486,7R
1487,7F
1488,10H
1489,1A
1490,6Z
1491,9L
1492,3O
1493,3H
1494,12R
1495,7N
1496,12N
1497,5K
1498,4N
1499,1V
1500,2E
1501,9S
1502,4G
1503,6J
1504,3W
1505,1X
1506,4V
1507,1G
1508,1O
1509,3B
1510,2A
1511,6T
1512,2Y
1513,8K
1514,4X
1515,5Q
1516,2J
1517,2D
1518,9E
1519,8T
1520,5K
1521,5D
1522,10D
1523,3B
1524,8N
1525,12B
1526,6F
1527,4R
1528,3R
1529,3Q
1530,9G
1531,6P
1532,7F
1533,6M
1534,12V
1535,7A
1536,8U
1537,7S
1538,9K
1539,11C
1540,11U
1541,9J
1542,2A
1543,8P
1544,9G
1545,4U
1546,7V
1547,2P
1548,5O
1549,7N
1550,12R
1551,1X
1552,10Q
1553,11M
1554,7D
1555,6Y
1556,4Y
1557,6J
1558,4O
1559,12D
1560,10M
1561,3X
1562,8X
1563,1F
1564,12V
1565,6X
1566,6G
1567,12G
1568,9K
1569,7S
1570,8S
1571,4O
1572,11E
1573,1R
1574,11D
1575,8K
1576,4W
1577,4M
1578,12B
1579,6I
1580,8P
1581,12Q
1582,6G
1583,11P
1584,4Y
1585,7R
1586,2Q
1587,10D
1588,8L
1589,6Y
1590,1F
1591,8Z
1592,1F
1593,8J
1594,9J
1595,2H
1596,10E
1597,5O
1598,2U
1599,4A
1600,11F
1601,5M
1602,11C
1603,3E
1604,7V
1605,3E
1606,7B
1607,1D
1608,5Z
1609,9C
1610,3D
1611,4N
1612,1E
1613,3F
1614,11I
1615,1S
1616,12K
1617,7H
1618,10M
1619,7M
1620,5K
1621,2Q
1622,5U
1623,3Z
1624,3F
1625,11V
1626,11F
1627,5O
1628,4Q
1629,4X
1630,6N
1631,6F
1632,8V
1633,12P
1634,6N
1635,7Z
1636,3B
1637,7E
1638,10E
1639,5C
1640,3O
1641,2M
1642,1D
1643,10H
1644,5N
1645,2B
1646,4O
1647,11L
1648,2P
1649,9S
1650,3D
1651,11H
1652,1X
1653,11I
1654,5P
1655,12O
1656,10Z
1657,3I
1658,1L
1659,3M
1660,8T
1661,12B
1662,2H
1663,6X
1664,8P
1665,11S
1666,3T
1667,2D
1668,11P
1669,7C
1670,7M
1671,3L
1672,10V
1673,6G
1674,11W
1675,11U
1676,5J
1677,5P
1678,11K
1679,12G
1680,4O
1681,4P
1682,11R
1683,8J
1684,8Z
1685,8T
1686,7T
1687,8Y
1688,8L
1689,11Z
1690,12P
1691,10Z
1692,12H
1693,2P
1694,12K
1695,5H
1696,11V
1697,4N
1698,6Y
1699,5O
1700,10P
1701,10W
1702,8A
1703,7F
1704,10R
1705,10U
1706,3I
1707,1A
1708,11P
1709,7J
1710,4Q
1711,8E
1712,10S
1713,7T
1714,6R
1715,11Q
1716,5K
1717,10G
1718,11Q
1719,11F
1720,6X
1721,3G
1722,10W
1723,7C
1724,6U
1725,3C
1726,3C
1727,1K
1728,1D
1729,11G
1730,7U
1731,1C
1732,4U
1733,11Y
1734,10M
1735,5C
1736,5O
1737,2O
1738,10B
1739,5X
1740,11G
1741,8L
1742,11Q
1743,4F
1744,7C
1745,1Y
1746,9G
1747,3F
1748,1N
1749,2K
1750,6U
1751,1X
1752,5J
1753,4K
1754,2D
1755,3J
1756,1V
1757,7J
1758,7V
1759,12T
1760,5H
1761,9A
1762,7N
1763,7E
1764,5Y
1765,6V
1766,10S
1767,7Q
1768,10B
1769,4S
1770,1W
1771,10V
1772,8K
1773,10D
1774,3J
1775,4Y
1776,8Z
1777,7S
1778,6F
1779,8D
1780,3G
1781,10H
1782,6N
1783,2O
1784,6L
1785,5B
1786,8K
1787,5K
1788,7E
1789,9N
1790,7M
1791,2Q
1792,2J
1793,8Q
1794,4E
1795,11O
1796,7Z
1797,10A
1798,8G
1799,7X
1800,6K
1801,6Q
1802,8A
1803,4N
1804,9L
1805,6F
1806,5H
1807,11G
1808,5F
1809,4C
1810,4J
1811,10G
1812,6N
1813,7Z
1814,1K
1815,3T
1816,2S
1817,6Q
1818,9U
1819,6Q
1820,5E
1821,6C
1822,4G
1823,1U
1824,9P
1825,8G
1826,2H
1827,10P
1828,1Y
1829,6U
1830,5K
1831,9Z
1832,7M
1833,1J
1834,11D
1835,9D
1836,3Q
1837,12T
1838,1V
1839,9O
1840,4K
1841,7I
1842,5W
1843,4T
1844,12L
1845,10C
1846,2O
1847,6C
1848,5U
1849,11K
1850,3X
1851,6I
1852,8M
1853,6J
1854,11O
1855,10S
1856,7X
1857,2C
1858,11D
1859,1O
1860,9E
1861,10Y
1862,5M
1863,10I
1864,4L
1865,11G
1866,10O
1867,3T
1868,8R
1869,8H
1870,6L
1871,3E
1872,1B
1873,9I
1874,1Q
1875,4Y
1876,10F
1877,9Y
1878,4Q
1879,8U
1880,2V
1881,12O
1882,10J
1883,10J
1884,12X
1885,2P
1886,1S
1887,9P
1888,8W
1889,1Y
1890,5G
1891,8E
1892,7R
1893,8P
1894,2T
1895,3A
1896,3D
1897,8S
1898,2I
1899,6I
1900,9Q
1901,6S
1902,6O
1903,11I
1904,5H
1905,12M
1906,5P
1907,5U
1908,6T
1909,3F
1910,1T
1911,8U
1912,8F
1913,2I
1914,11Z
1915,5X
1916,10U
1917,7L
1918,5L
1919,3F
1920,1O
1921,11D
1922,6P
1923,10V
1924,11Q
1925,9X
1926,12I
1927,2Z
1928,4H
1929,2H
1930,6V
1931,6L
1932,2R
1933,2T
1934,9F
1935,7U
1936,9D
1937,10Y
1938,6O
1939,9N
1940,12S
1941,12Z
1942,12I
1943,3A
1944,5G
1945,11D
1946,4X
1947,6N
1948,3F
1949,3I
1950,1U
1951,12B
1952,11Y
1953,7M
1954,10L
1955,10P
1956,12D
1957,3H
1958,5F
1959,9G
1960,3C
1961,11C
1962,10B
1963,1H
1964,1Z
1965,4H
1966,10D
1967,9J
1968,1K
1969,8D
1970,7F
1971,10L
1972,12N
1973,1Y
1974,9R
1975,12G
1976,11F
1977,12A
1978,5I
1979,11D
1980,6V
1981,10N
1982,9E
1983,9S
1984,2M
1985,12U
1986,10T
1987,3C
1988,9C
1989,4Y
1990,10E
1991,3R
1992,3R
1993,2S
1994,4J
1995,4E
1996,2U
1997,2K
1998,12H
1999,5X
2000,3B